researcher,name,impact,x,y,species,dens,year
Penon,Navarro,intermedio,-59.1725,-34.8277778,Aporrectodea caliginosa,"9,44444445",2011
Penon,Navarro,intermedio,-59.1725,-34.8277778,Aporrectodea rosea,"9,44444445",2011
Penon,Navarro,intermedio,-59.1725,-34.8277778,Aporrectodea trapezoides,"10,55555555",2011
Penon,Navarro,intermedio,-59.1725,-34.8277778,Amynthas gracilis,0,2011
Penon,Navarro,intermedio,-59.1725,-34.8277778,Amynthas morrisi,"0,55555555",2011
Penon,Navarro,intermedio,-59.1725,-34.8277778,Dendrodrilus rubidus,"7,777777775",2011
Penon,Navarro,intermedio,-59.1725,-34.8277778,Eukerria stagnalis,0,2011
Penon,Navarro,intermedio,-59.1725,-34.8277778,Microscolex dubius,"55,55555555",2011
Penon,Navarro,intermedio,-59.1725,-34.8277778,Microscolex phosphoreus,"78,33333333",2011
Penon,Navarro,intermedio,-59.1725,-34.8277778,Microscolex spp,"4,44444445",2011
Penon,Navarro,intermedio,-59.1725,-34.8277778,Octolasion tyrtaeum,"11,66666668",2011
Penon,Navarro,intermedio,-59.1725,-34.8277778,Octolasion cyaneum,0,2011
Penon,Navarro,intermedio,-59.1725,-34.8277778,Octolasion lacteum,0,2011
Penon,Navarro,intermedio,-59.1725,-34.8277778,Octolasion sp,"4,44444445",2011
Penon,Navarro,intermedio,-59.1725,-34.8277778,Juveniles,20,2011
Penon,Jáuregui,intermedio,-59.2294445,-34.6166667,Aporrectodea caliginosa,"1,666666675",2011
Penon,Jáuregui,intermedio,-59.2294445,-34.6166667,Aporrectodea rosea,"3,333333325",2011
Penon,Jáuregui,intermedio,-59.2294445,-34.6166667,Aporrectodea trapezoides,"12,22222223",2011
Penon,Jáuregui,intermedio,-59.2294445,-34.6166667,Amynthas gracilis,"0,55555555",2011
Penon,Jáuregui,intermedio,-59.2294445,-34.6166667,Amynthas morrisi,0,2011
Penon,Jáuregui,intermedio,-59.2294445,-34.6166667,Dendrodrilus rubidus,0,2011
Penon,Jáuregui,intermedio,-59.2294445,-34.6166667,Eukerria stagnalis,0,2011
Penon,Jáuregui,intermedio,-59.2294445,-34.6166667,Microscolex dubius,"91,66666668",2011
Penon,Jáuregui,intermedio,-59.2294445,-34.6166667,Microscolex phosphoreus,"47,22222223",2011
Penon,Jáuregui,intermedio,-59.2294445,-34.6166667,Microscolex spp,"28,8888889",2011
Penon,Jáuregui,intermedio,-59.2294445,-34.6166667,Octolasion tyrtaeum,"8,333333325",2011
Penon,Jáuregui,intermedio,-59.2294445,-34.6166667,Octolasion cyaneum,0,2011
Penon,Jáuregui,intermedio,-59.2294445,-34.6166667,Octolasion lacteum,0,2011
Penon,Jáuregui,intermedio,-59.2294445,-34.6166667,Octolasion sp,"8,8888889",2011
Penon,Jáuregui,intermedio,-59.2294445,-34.6166667,Juveniles,"36,1111111",2011
Penon,Luján,intermedio,-59.0747222,-34.5944445,Aporrectodea caliginosa,0,2011
Penon,Luján,intermedio,-59.0747222,-34.5944445,Aporrectodea rosea,"2,222222225",2011
Penon,Luján,intermedio,-59.0747222,-34.5944445,Aporrectodea trapezoides,"33,8888889",2011
Penon,Luján,intermedio,-59.0747222,-34.5944445,Amynthas gracilis,0,2011
Penon,Luján,intermedio,-59.0747222,-34.5944445,Amynthas morrisi,"1,1111111",2011
Penon,Luján,intermedio,-59.0747222,-34.5944445,Dendrodrilus rubidus,"0,55555555",2011
Penon,Luján,intermedio,-59.0747222,-34.5944445,Eukerria stagnalis,0,2011
Penon,Luján,intermedio,-59.0747222,-34.5944445,Microscolex dubius,60,2011
Penon,Luján,intermedio,-59.0747222,-34.5944445,Microscolex phosphoreus,"21,66666668",2011
Penon,Luján,intermedio,-59.0747222,-34.5944445,Microscolex spp,10,2011
Penon,Luján,intermedio,-59.0747222,-34.5944445,Octolasion tyrtaeum,"9,44444445",2011
Penon,Luján,intermedio,-59.0747222,-34.5944445,Octolasion cyaneum,"1,666666675",2011
Penon,Luján,intermedio,-59.0747222,-34.5944445,Octolasion lacteum,0,2011
Penon,Luján,intermedio,-59.0747222,-34.5944445,Octolasion sp,"2,222222225",2011
Penon,Luján,intermedio,-59.0747222,-34.5944445,Juveniles,25,2011
Penon,Navarro,alto,-59.1725,-34.8277778,Aporrectodea caliginosa,"4,44444445",2011
Penon,Navarro,alto,-59.1725,-34.8277778,Aporrectodea rosea,"2,777777775",2011
Penon,Navarro,alto,-59.1725,-34.8277778,Aporrectodea trapezoides,"8,8888889",2011
Penon,Navarro,alto,-59.1725,-34.8277778,Amynthas gracilis,0,2011
Penon,Navarro,alto,-59.1725,-34.8277778,Amynthas morrisi,0,2011
Penon,Navarro,alto,-59.1725,-34.8277778,Dendrodrilus rubidus,"1,666666675",2011
Penon,Navarro,alto,-59.1725,-34.8277778,Eukerria stagnalis,"1,1111111",2011
Penon,Navarro,alto,-59.1725,-34.8277778,Microscolex dubius,"17,77777778",2011
Penon,Navarro,alto,-59.1725,-34.8277778,Microscolex phosphoreus,"2,777777775",2011
Penon,Navarro,alto,-59.1725,-34.8277778,Microscolex spp,20,2011
Penon,Navarro,alto,-59.1725,-34.8277778,Octolasion tyrtaeum,"2,777777775",2011
Penon,Navarro,alto,-59.1725,-34.8277778,Octolasion cyaneum,0,2011
Penon,Navarro,alto,-59.1725,-34.8277778,Octolasion lacteum,0,2011
Penon,Navarro,alto,-59.1725,-34.8277778,Octolasion sp,"16,66666668",2011
Penon,Navarro,alto,-59.1725,-34.8277778,Juveniles,10,2011
Penon,Jáuregui,alto,-59.2294445,-34.6166667,Aporrectodea caliginosa,"4,44444445",2011
Penon,Jáuregui,alto,-59.2294445,-34.6166667,Aporrectodea rosea,5,2011
Penon,Jáuregui,alto,-59.2294445,-34.6166667,Aporrectodea trapezoides,"26,1111111",2011
Penon,Jáuregui,alto,-59.2294445,-34.6166667,Amynthas gracilis,"0,55555555",2011
Penon,Jáuregui,alto,-59.2294445,-34.6166667,Amynthas morrisi,0,2011
Penon,Jáuregui,alto,-59.2294445,-34.6166667,Dendrodrilus rubidus,0,2011
Penon,Jáuregui,alto,-59.2294445,-34.6166667,Eukerria stagnalis,0,2011
Penon,Jáuregui,alto,-59.2294445,-34.6166667,Microscolex dubius,20,2011
Penon,Jáuregui,alto,-59.2294445,-34.6166667,Microscolex phosphoreus,5,2011
Penon,Jáuregui,alto,-59.2294445,-34.6166667,Microscolex spp,"7,777777775",2011
Penon,Jáuregui,alto,-59.2294445,-34.6166667,Octolasion tyrtaeum,"2,222222225",2011
Penon,Jáuregui,alto,-59.2294445,-34.6166667,Octolasion cyaneum,0,2011
Penon,Jáuregui,alto,-59.2294445,-34.6166667,Octolasion lacteum,0,2011
Penon,Jáuregui,alto,-59.2294445,-34.6166667,Octolasion sp,"3,333333325",2011
Penon,Jáuregui,alto,-59.2294445,-34.6166667,Juveniles,"6,666666675",2011
Penon,Luján,alto,-59.0747222,-34.5944445,Aporrectodea caliginosa,"11,66666668",2011
Penon,Luján,alto,-59.0747222,-34.5944445,Aporrectodea rosea,"21,66666668",2011
Penon,Luján,alto,-59.0747222,-34.5944445,Aporrectodea trapezoides,45,2011
Penon,Luján,alto,-59.0747222,-34.5944445,Amynthas gracilis,0,2011
Penon,Luján,alto,-59.0747222,-34.5944445,Amynthas morrisi,"1,666666675",2011
Penon,Luján,alto,-59.0747222,-34.5944445,Dendrodrilus rubidus,0,2011
Penon,Luján,alto,-59.0747222,-34.5944445,Eukerria stagnalis,0,2011
Penon,Luján,alto,-59.0747222,-34.5944445,Microscolex dubius,"46,1111111",2011
Penon,Luján,alto,-59.0747222,-34.5944445,Microscolex phosphoreus,"18,8888889",2011
Penon,Luján,alto,-59.0747222,-34.5944445,Microscolex spp,"8,8888889",2011
Penon,Luján,alto,-59.0747222,-34.5944445,Octolasion tyrtaeum,"1,1111111",2011
Penon,Luján,alto,-59.0747222,-34.5944445,Octolasion cyaneum,0,2011
Penon,Luján,alto,-59.0747222,-34.5944445,Octolasion lacteum,0,2011
Penon,Luján,alto,-59.0747222,-34.5944445,Octolasion sp,"2,222222225",2011
Penon,Luján,alto,-59.0747222,-34.5944445,Juveniles,"27,77777778",2011
Penon,Navarro,bajo,-59.1725,-34.8277778,Aporrectodea caliginosa,"7,222222225",2011
Penon,Navarro,bajo,-59.1725,-34.8277778,Aporrectodea rosea,"15,55555555",2011
Penon,Navarro,bajo,-59.1725,-34.8277778,Aporrectodea trapezoides,"19,44444445",2011
Penon,Navarro,bajo,-59.1725,-34.8277778,Amynthas gracilis,0,2011
Penon,Navarro,bajo,-59.1725,-34.8277778,Amynthas morrisi,0,2011
Penon,Navarro,bajo,-59.1725,-34.8277778,Dendrodrilus rubidus,0,2011
Penon,Navarro,bajo,-59.1725,-34.8277778,Eukerria stagnalis,0,2011
Penon,Navarro,bajo,-59.1725,-34.8277778,Microscolex dubius,"71,66666668",2011
Penon,Navarro,bajo,-59.1725,-34.8277778,Microscolex phosphoreus,"5,55555555",2011
Penon,Navarro,bajo,-59.1725,-34.8277778,Microscolex spp,"30,55555555",2011
Penon,Navarro,bajo,-59.1725,-34.8277778,Octolasion tyrtaeum,"9,44444445",2011
Penon,Navarro,bajo,-59.1725,-34.8277778,Octolasion cyaneum,"1,666666675",2011
Penon,Navarro,bajo,-59.1725,-34.8277778,Octolasion lacteum,0,2011
Penon,Navarro,bajo,-59.1725,-34.8277778,Octolasion sp,"0,55555555",2011
Penon,Navarro,bajo,-59.1725,-34.8277778,Juveniles,"18,33333333",2011
Penon,Jáuregui,bajo,-59.2294445,-34.6166667,Aporrectodea caliginosa,"1,666666675",2011
Penon,Jáuregui,bajo,-59.2294445,-34.6166667,Aporrectodea rosea,"11,66666668",2011
Penon,Jáuregui,bajo,-59.2294445,-34.6166667,Aporrectodea trapezoides,"15,55555555",2011
Penon,Jáuregui,bajo,-59.2294445,-34.6166667,Amynthas gracilis,"1,1111111",2011
Penon,Jáuregui,bajo,-59.2294445,-34.6166667,Amynthas morrisi,0,2011
Penon,Jáuregui,bajo,-59.2294445,-34.6166667,Dendrodrilus rubidus,"2,222222225",2011
Penon,Jáuregui,bajo,-59.2294445,-34.6166667,Eukerria stagnalis,0,2011
Penon,Jáuregui,bajo,-59.2294445,-34.6166667,Microscolex dubius,"22,77777778",2011
Penon,Jáuregui,bajo,-59.2294445,-34.6166667,Microscolex phosphoreus,"13,33333333",2011
Penon,Jáuregui,bajo,-59.2294445,-34.6166667,Microscolex spp,"10,55555555",2011
Penon,Jáuregui,bajo,-59.2294445,-34.6166667,Octolasion tyrtaeum,"1,1111111",2011
Penon,Jáuregui,bajo,-59.2294445,-34.6166667,Octolasion cyaneum,0,2011
Penon,Jáuregui,bajo,-59.2294445,-34.6166667,Octolasion lacteum,0,2011
Penon,Jáuregui,bajo,-59.2294445,-34.6166667,Octolasion sp,"8,8888889",2011
Penon,Jáuregui,bajo,-59.2294445,-34.6166667,Juveniles,"6,666666675",2011
Penon,Luján,bajo,-59.0747222,-34.5944445,Aporrectodea caliginosa,"3,333333325",2011
Penon,Luján,bajo,-59.0747222,-34.5944445,Aporrectodea rosea,"6,666666675",2011
Penon,Luján,bajo,-59.0747222,-34.5944445,Aporrectodea trapezoides,"13,8888889",2011
Penon,Luján,bajo,-59.0747222,-34.5944445,Amynthas gracilis,0,2011
Penon,Luján,bajo,-59.0747222,-34.5944445,Amynthas morrisi,0,2011
Penon,Luján,bajo,-59.0747222,-34.5944445,Dendrodrilus rubidus,0,2011
Penon,Luján,bajo,-59.0747222,-34.5944445,Eukerria stagnalis,"1,1111111",2011
Penon,Luján,bajo,-59.0747222,-34.5944445,Microscolex dubius,"11,66666668",2011
Penon,Luján,bajo,-59.0747222,-34.5944445,Microscolex phosphoreus,"5,55555555",2011
Penon,Luján,bajo,-59.0747222,-34.5944445,Microscolex spp,"8,333333325",2011
Penon,Luján,bajo,-59.0747222,-34.5944445,Octolasion tyrtaeum,"3,333333325",2011
Penon,Luján,bajo,-59.0747222,-34.5944445,Octolasion cyaneum,"1,1111111",2011
Penon,Luján,bajo,-59.0747222,-34.5944445,Octolasion lacteum,0,2011
Penon,Luján,bajo,-59.0747222,-34.5944445,Octolasion sp,"6,666666675",2011
Penon,Luján,bajo,-59.0747222,-34.5944445,Juveniles,"7,777777775",2011
Penon,Navarro,intermedio,-59.1725,-34.8277778,Aporrectodea caliginosa,"3,333333325",2011
Penon,Navarro,intermedio,-59.1725,-34.8277778,Aporrectodea rosea,0,2011
Penon,Navarro,intermedio,-59.1725,-34.8277778,Aporrectodea trapezoides,0,2011
Penon,Navarro,intermedio,-59.1725,-34.8277778,Amynthas gracilis,0,2011
Penon,Navarro,intermedio,-59.1725,-34.8277778,Amynthas morrisi,0,2011
Penon,Navarro,intermedio,-59.1725,-34.8277778,Dendrodrilus rubidus,"1,666666675",2011
Penon,Navarro,intermedio,-59.1725,-34.8277778,Eukerria stagnalis,0,2011
Penon,Navarro,intermedio,-59.1725,-34.8277778,Microscolex dubius,"39,44444445",2011
Penon,Navarro,intermedio,-59.1725,-34.8277778,Microscolex phosphoreus,"3,8888889",2011
Penon,Navarro,intermedio,-59.1725,-34.8277778,Microscolex spp,"3,333333325",2011
Penon,Navarro,intermedio,-59.1725,-34.8277778,Octolasion tyrtaeum,"3,333333325",2011
Penon,Navarro,intermedio,-59.1725,-34.8277778,Octolasion cyaneum,0,2011
Penon,Navarro,intermedio,-59.1725,-34.8277778,Octolasion lacteum,"0,55555555",2011
Penon,Navarro,intermedio,-59.1725,-34.8277778,Octolasion sp,"1,1111111",2011
Penon,Navarro,intermedio,-59.1725,-34.8277778,Juveniles,"12,22222223",2011
Penon,Jáuregui,intermedio,-59.2294445,-34.6166667,Aporrectodea caliginosa,0,2011
Penon,Jáuregui,intermedio,-59.2294445,-34.6166667,Aporrectodea rosea,"0,55555555",2011
Penon,Jáuregui,intermedio,-59.2294445,-34.6166667,Aporrectodea trapezoides,"0,55555555",2011
Penon,Jáuregui,intermedio,-59.2294445,-34.6166667,Amynthas gracilis,0,2011
Penon,Jáuregui,intermedio,-59.2294445,-34.6166667,Amynthas morrisi,0,2011
Penon,Jáuregui,intermedio,-59.2294445,-34.6166667,Dendrodrilus rubidus,0,2011
Penon,Jáuregui,intermedio,-59.2294445,-34.6166667,Eukerria stagnalis,0,2011
Penon,Jáuregui,intermedio,-59.2294445,-34.6166667,Microscolex dubius,"37,77777778",2011
Penon,Jáuregui,intermedio,-59.2294445,-34.6166667,Microscolex phosphoreus,0,2011
Penon,Jáuregui,intermedio,-59.2294445,-34.6166667,Microscolex spp,"8,8888889",2011
Penon,Jáuregui,intermedio,-59.2294445,-34.6166667,Octolasion tyrtaeum,"0,55555555",2011
Penon,Jáuregui,intermedio,-59.2294445,-34.6166667,Octolasion cyaneum,0,2011
Penon,Jáuregui,intermedio,-59.2294445,-34.6166667,Octolasion lacteum,0,2011
Penon,Jáuregui,intermedio,-59.2294445,-34.6166667,Octolasion sp,"3,333333325",2011
Penon,Jáuregui,intermedio,-59.2294445,-34.6166667,Juveniles,"8,333333325",2011
Penon,Luján,intermedio,-59.0747222,-34.5944445,Aporrectodea caliginosa,"10,55555555",2011
Penon,Luján,intermedio,-59.0747222,-34.5944445,Aporrectodea rosea,"47,77777778",2011
Penon,Luján,intermedio,-59.0747222,-34.5944445,Aporrectodea trapezoides,"13,8888889",2011
Penon,Luján,intermedio,-59.0747222,-34.5944445,Amynthas gracilis,0,2011
Penon,Luján,intermedio,-59.0747222,-34.5944445,Amynthas morrisi,0,2011
Penon,Luján,intermedio,-59.0747222,-34.5944445,Dendrodrilus rubidus,0,2011
Penon,Luján,intermedio,-59.0747222,-34.5944445,Eukerria stagnalis,0,2011
Penon,Luján,intermedio,-59.0747222,-34.5944445,Microscolex dubius,"293,3333333",2011
Penon,Luján,intermedio,-59.0747222,-34.5944445,Microscolex phosphoreus,"19,44444445",2011
Penon,Luján,intermedio,-59.0747222,-34.5944445,Microscolex spp,"66,66666668",2011
Penon,Luján,intermedio,-59.0747222,-34.5944445,Octolasion tyrtaeum,"76,1111111",2011
Penon,Luján,intermedio,-59.0747222,-34.5944445,Octolasion cyaneum,0,2011
Penon,Luján,intermedio,-59.0747222,-34.5944445,Octolasion lacteum,0,2011
Penon,Luján,intermedio,-59.0747222,-34.5944445,Octolasion sp,"21,66666668",2011
Penon,Luján,intermedio,-59.0747222,-34.5944445,Juveniles,"103,89",2011
Rionda,PU Pastizal UNLu,bajo,-59.0714389,-34.5925111,Microscolex phosphoreus,"1,78",2009
Rionda,PU Pastizal UNLu,bajo,-59.0714389,-34.5925111,Aporrectodea caliginosa,"18,67",2009
Rionda,PU Pastizal UNLu,bajo,-59.0714389,-34.5925111,Aporrectodea trapezoides,"0,89",2009
Rionda,PU Pastizal UNLu,bajo,-59.0714389,-34.5925111,Eisenia fetida,"0,89",2009
Rionda,PU Pastizal UNLu,bajo,-59.0714389,-34.5925111,Amynthas gracilis,"1,78",2009
Rionda,PU Pastizal UNLu,bajo,-59.0714389,-34.5925111,Amynthas morrisi,"0,00",2009
Rionda,PU Pastizal UNLu,bajo,-59.0714389,-34.5925111,Methaphire californica,"0,00",2009
Rionda,PU Pastizal UNLu,bajo,-59.0714389,-34.5925111,Juveniles,"7,11",2009
Rionda,PE Pastizal Etchegoyen,bajo,-59.0693778,-34.4423222,Microscolex phosphoreus,"4,4400000",2009
Rionda,PE Pastizal Etchegoyen,bajo,-59.0693778,-34.4423222,Aporrectodea caliginosa,"2,6700000",2009
Rionda,PE Pastizal Etchegoyen,bajo,-59.0693778,-34.4423222,Aporrectodea trapezoides,"0,0000000",2009
Rionda,PE Pastizal Etchegoyen,bajo,-59.0693778,-34.4423222,Eisenia fetida,"0,8900000",2009
Rionda,PE Pastizal Etchegoyen,bajo,-59.0693778,-34.4423222,Amynthas gracilis,"0,0000000",2009
Rionda,PE Pastizal Etchegoyen,bajo,-59.0693778,-34.4423222,Amynthas morrisi,"2,6700000",2009
Rionda,PE Pastizal Etchegoyen,bajo,-59.0693778,-34.4423222,Methaphire californica,"6,2200000",2009
Rionda,PE Pastizal Etchegoyen,bajo,-59.0693778,-34.4423222,Juveniles,"3,5600000",2009
Rionda,GE Ganadero Etchegoyen,intermedio,-59.0749083,-34.4413167,Microscolex phosphoreus,"0,0000000",2009
Rionda,GE Ganadero Etchegoyen,intermedio,-59.0749083,-34.4413167,Aporrectodea caliginosa,"6,2200000",2009
Rionda,GE Ganadero Etchegoyen,intermedio,-59.0749083,-34.4413167,Aporrectodea trapezoides,"0,8900000",2009
Rionda,GE Ganadero Etchegoyen,intermedio,-59.0749083,-34.4413167,Eisenia fetida,"0,0000000",2009
Rionda,GE Ganadero Etchegoyen,intermedio,-59.0749083,-34.4413167,Amynthas gracilis,"0,0000000",2009
Rionda,GE Ganadero Etchegoyen,intermedio,-59.0749083,-34.4413167,Amynthas morrisi,"0,0000000",2009
Rionda,GE Ganadero Etchegoyen,intermedio,-59.0749083,-34.4413167,Methaphire californica,"0,8900000",2009
Rionda,GE Ganadero Etchegoyen,intermedio,-59.0749083,-34.4413167,Juveniles,"10,6700000",2009
Rionda,AE Agricultura intensiva,alto,-59.0720250,-34.4404388,Microscolex phosphoreus,"1,7800000",2009
Rionda,AE Agricultura intensiva,alto,-59.0720250,-34.4404388,Aporrectodea caliginosa,"0,8900000",2009
Rionda,AE Agricultura intensiva,alto,-59.0720250,-34.4404388,Aporrectodea trapezoides,"0,0000000",2009
Rionda,AE Agricultura intensiva,alto,-59.0720250,-34.4404388,Eisenia fetida,"0,0000000",2009
Rionda,AE Agricultura intensiva,alto,-59.0720250,-34.4404388,Amynthas gracilis,"0,0000000",2009
Rionda,AE Agricultura intensiva,alto,-59.0720250,-34.4404388,Amynthas morrisi,"0,0000000",2009
Rionda,AE Agricultura intensiva,alto,-59.0720250,-34.4404388,Methaphire californica,"0,0000000",2009
Rionda,AE Agricultura intensiva,alto,-59.0720250,-34.4404388,Juveniles,"1,7800000",2009
Rionda,AG1 Agricola ganadero,intermedio,-59.0699805,-34.5886417,Microscolex phosphoreus,"1,7800000",2009
Rionda,AG1 Agricola ganadero,intermedio,-59.0699805,-34.5886417,Aporrectodea caliginosa,"6,2200000",2009
Rionda,AG1 Agricola ganadero,intermedio,-59.0699805,-34.5886417,Aporrectodea trapezoides,"0,0000000",2009
Rionda,AG1 Agricola ganadero,intermedio,-59.0699805,-34.5886417,Eisenia fetida,"0,0000000",2009
Rionda,AG1 Agricola ganadero,intermedio,-59.0699805,-34.5886417,Amynthas gracilis,"0,0000000",2009
Rionda,AG1 Agricola ganadero,intermedio,-59.0699805,-34.5886417,Amynthas morrisi,"0,0000000",2009
Rionda,AG1 Agricola ganadero,intermedio,-59.0699805,-34.5886417,Methaphire californica,"0,0000000",2009
Rionda,AG1 Agricola ganadero,intermedio,-59.0699805,-34.5886417,Juveniles,"0,8900000",2009
Rionda,AG2 Agricola ganadero UNLu,intermedio,-59.0708112,-34.5901083,Microscolex phosphoreus,"0,0000000",2009
Rionda,AG2 Agricola ganadero UNLu,intermedio,-59.0708112,-34.5901083,Aporrectodea caliginosa,"5,3300000",2009
Rionda,AG2 Agricola ganadero UNLu,intermedio,-59.0708112,-34.5901083,Aporrectodea trapezoides,"0,0000000",2009
Rionda,AG2 Agricola ganadero UNLu,intermedio,-59.0708112,-34.5901083,Eisenia fetida,"0,0000000",2009
Rionda,AG2 Agricola ganadero UNLu,intermedio,-59.0708112,-34.5901083,Amynthas gracilis,"0,0000000",2009
Rionda,AG2 Agricola ganadero UNLu,intermedio,-59.0708112,-34.5901083,Amynthas morrisi,"0,0000000",2009
Rionda,AG2 Agricola ganadero UNLu,intermedio,-59.0708112,-34.5901083,Methaphire californica,"0,8900000",2009
Rionda,AG2 Agricola ganadero UNLu,intermedio,-59.0708112,-34.5901083,Juveniles,"1,7800000",2009
Rosana,Lote 24,intermedio,-59.1755555,-34.8241667,Aporrectodea caliginosa,"0,00",2008
Rosana,Lote 24,intermedio,-59.1755555,-34.8241667,Aporrectodea rosea,"0,00",2008
Rosana,Lote 24,intermedio,-59.1755555,-34.8241667,Aporrectodea trapezoides,"0,00",2008
Rosana,Lote 24,intermedio,-59.1755555,-34.8241667,Octolasion cyaneum,"0,00",2008
Rosana,Lote 24,intermedio,-59.1755555,-34.8241667,Octolasion tyrtaeum,"0,00",2008
Rosana,Lote 24,intermedio,-59.1755555,-34.8241667,Octolasion lacteum,"0,00",2008
Rosana,Lote 24,intermedio,-59.1755555,-34.8241667,Microscolex dubius,"0,00",2008
Rosana,Lote 24,intermedio,-59.1755555,-34.8241667,Microscolex phosphoreus,"0,00",2008
Rosana,Lote 24,intermedio,-59.1755555,-34.8241667,Eukerria sp,"0,00",2008
Rosana,Lote 24,intermedio,-59.1755555,-34.8241667,Juveniles,"0,00",2008
Rosana,Lote 25,intermedio,-59.1733333,-34.8247222,Aporrectodea caliginosa,"0,00",2008
Rosana,Lote 25,intermedio,-59.1733333,-34.8247222,Aporrectodea rosea,"0,00",2008
Rosana,Lote 25,intermedio,-59.1733333,-34.8247222,Aporrectodea trapezoides,"0,00",2008
Rosana,Lote 25,intermedio,-59.1733333,-34.8247222,Octolasion cyaneum,"0,00",2008
Rosana,Lote 25,intermedio,-59.1733333,-34.8247222,Octolasion tyrtaeum,"0,00",2008
Rosana,Lote 25,intermedio,-59.1733333,-34.8247222,Octolasion lacteum,"0,00",2008
Rosana,Lote 25,intermedio,-59.1733333,-34.8247222,Microscolex dubius,"0,00",2008
Rosana,Lote 25,intermedio,-59.1733333,-34.8247222,Microscolex phosphoreus,"0,00",2008
Rosana,Lote 25,intermedio,-59.1733333,-34.8247222,Eukerria sp,"0,00",2008
Rosana,Lote 25,intermedio,-59.1733333,-34.8247222,Juveniles,"0,00",2008
Rosana,Lote 27,intermedio,-59.1805555,-34.8222222,Aporrectodea caliginosa,"0,00",2008
Rosana,Lote 27,intermedio,-59.1805555,-34.8222222,Aporrectodea rosea,"0,00",2008
Rosana,Lote 27,intermedio,-59.1805555,-34.8222222,Aporrectodea trapezoides,"0,00",2008
Rosana,Lote 27,intermedio,-59.1805555,-34.8222222,Octolasion cyaneum,"0,00",2008
Rosana,Lote 27,intermedio,-59.1805555,-34.8222222,Octolasion tyrtaeum,"0,00",2008
Rosana,Lote 27,intermedio,-59.1805555,-34.8222222,Octolasion lacteum,"0,00",2008
Rosana,Lote 27,intermedio,-59.1805555,-34.8222222,Microscolex dubius,"0,00",2008
Rosana,Lote 27,intermedio,-59.1805555,-34.8222222,Microscolex phosphoreus,"0,00",2008
Rosana,Lote 27,intermedio,-59.1805555,-34.8222222,Eukerria sp,"0,00",2008
Rosana,Lote 27,intermedio,-59.1805555,-34.8222222,Juveniles,"0,00",2008
Rosana,Lote 24,intermedio,-59.1755555,-34.8241667,Aporrectodea caliginosa,0,2009
Rosana,Lote 24,intermedio,-59.1755555,-34.8241667,Aporrectodea rosea,16,2009
Rosana,Lote 24,intermedio,-59.1755555,-34.8241667,Aporrectodea trapezoides,0,2009
Rosana,Lote 24,intermedio,-59.1755555,-34.8241667,Octolasion cyaneum,0,2009
Rosana,Lote 24,intermedio,-59.1755555,-34.8241667,Octolasion tyrtaeum,0,2009
Rosana,Lote 24,intermedio,-59.1755555,-34.8241667,Octolasion lacteum,0,2009
Rosana,Lote 24,intermedio,-59.1755555,-34.8241667,Microscolex dubius,0,2009
Rosana,Lote 24,intermedio,-59.1755555,-34.8241667,Microscolex phosphoreus,0,2009
Rosana,Lote 24,intermedio,-59.1755555,-34.8241667,Eukerria sp,16,2009
Rosana,Lote 24,intermedio,-59.1755555,-34.8241667,Juveniles,8,2009
Rosana,Lote 25,intermedio,-59.1733333,-34.8247222,Aporrectodea caliginosa,0,2009
Rosana,Lote 25,intermedio,-59.1733333,-34.8247222,Aporrectodea rosea,4,2009
Rosana,Lote 25,intermedio,-59.1733333,-34.8247222,Aporrectodea trapezoides,0,2009
Rosana,Lote 25,intermedio,-59.1733333,-34.8247222,Octolasion cyaneum,0,2009
Rosana,Lote 25,intermedio,-59.1733333,-34.8247222,Octolasion tyrtaeum,0,2009
Rosana,Lote 25,intermedio,-59.1733333,-34.8247222,Octolasion lacteum,0,2009
Rosana,Lote 25,intermedio,-59.1733333,-34.8247222,Microscolex dubius,0,2009
Rosana,Lote 25,intermedio,-59.1733333,-34.8247222,Microscolex phosphoreus,0,2009
Rosana,Lote 25,intermedio,-59.1733333,-34.8247222,Eukerria sp,24,2009
Rosana,Lote 25,intermedio,-59.1733333,-34.8247222,Juveniles,144,2009
Rosana,Lote 27,intermedio,-59.1805555,-34.8222222,Aporrectodea caliginosa,0,2009
Rosana,Lote 27,intermedio,-59.1805555,-34.8222222,Aporrectodea rosea,20,2009
Rosana,Lote 27,intermedio,-59.1805555,-34.8222222,Aporrectodea trapezoides,0,2009
Rosana,Lote 27,intermedio,-59.1805555,-34.8222222,Octolasion cyaneum,0,2009
Rosana,Lote 27,intermedio,-59.1805555,-34.8222222,Octolasion tyrtaeum,0,2009
Rosana,Lote 27,intermedio,-59.1805555,-34.8222222,Octolasion lacteum,0,2009
Rosana,Lote 27,intermedio,-59.1805555,-34.8222222,Microscolex dubius,0,2009
Rosana,Lote 27,intermedio,-59.1805555,-34.8222222,Microscolex phosphoreus,0,2009
Rosana,Lote 27,intermedio,-59.1805555,-34.8222222,Eukerria sp,32,2009
Rosana,Lote 27,intermedio,-59.1805555,-34.8222222,Juveniles,12,2009
Rosana,Lote 24,intermedio,-59.1755555,-34.8241667,Aporrectodea caliginosa,28,2010
Rosana,Lote 24,intermedio,-59.1755555,-34.8241667,Aporrectodea rosea,24,2010
Rosana,Lote 24,intermedio,-59.1755555,-34.8241667,Aporrectodea trapezoides,0,2010
Rosana,Lote 24,intermedio,-59.1755555,-34.8241667,Octolasion cyaneum,8,2010
Rosana,Lote 24,intermedio,-59.1755555,-34.8241667,Octolasion tyrtaeum,0,2010
Rosana,Lote 24,intermedio,-59.1755555,-34.8241667,Octolasion lacteum,12,2010
Rosana,Lote 24,intermedio,-59.1755555,-34.8241667,Microscolex dubius,4,2010
Rosana,Lote 24,intermedio,-59.1755555,-34.8241667,Microscolex phosphoreus,0,2010
Rosana,Lote 24,intermedio,-59.1755555,-34.8241667,Eukerria sp,120,2010
Rosana,Lote 24,intermedio,-59.1755555,-34.8241667,Juveniles,152,2010
Rosana,Lote 25,intermedio,-59.1733333,-34.8247222,Aporrectodea caliginosa,0,2010
Rosana,Lote 25,intermedio,-59.1733333,-34.8247222,Aporrectodea rosea,116,2010
Rosana,Lote 25,intermedio,-59.1733333,-34.8247222,Aporrectodea trapezoides,0,2010
Rosana,Lote 25,intermedio,-59.1733333,-34.8247222,Octolasion cyaneum,0,2010
Rosana,Lote 25,intermedio,-59.1733333,-34.8247222,Octolasion tyrtaeum,0,2010
Rosana,Lote 25,intermedio,-59.1733333,-34.8247222,Octolasion lacteum,0,2010
Rosana,Lote 25,intermedio,-59.1733333,-34.8247222,Microscolex dubius,16,2010
Rosana,Lote 25,intermedio,-59.1733333,-34.8247222,Microscolex phosphoreus,0,2010
Rosana,Lote 25,intermedio,-59.1733333,-34.8247222,Eukerria sp,268,2010
Rosana,Lote 25,intermedio,-59.1733333,-34.8247222,Juveniles,272,2010
Rosana,Lote 27,intermedio,-59.1805555,-34.8222222,Aporrectodea caliginosa,4,2010
Rosana,Lote 27,intermedio,-59.1805555,-34.8222222,Aporrectodea rosea,4,2010
Rosana,Lote 27,intermedio,-59.1805555,-34.8222222,Aporrectodea trapezoides,0,2010
Rosana,Lote 27,intermedio,-59.1805555,-34.8222222,Octolasion cyaneum,4,2010
Rosana,Lote 27,intermedio,-59.1805555,-34.8222222,Octolasion tyrtaeum,0,2010
Rosana,Lote 27,intermedio,-59.1805555,-34.8222222,Octolasion lacteum,0,2010
Rosana,Lote 27,intermedio,-59.1805555,-34.8222222,Microscolex dubius,0,2010
Rosana,Lote 27,intermedio,-59.1805555,-34.8222222,Microscolex phosphoreus,8,2010
Rosana,Lote 27,intermedio,-59.1805555,-34.8222222,Eukerria sp,88,2010
Rosana,Lote 27,intermedio,-59.1805555,-34.8222222,Juveniles,100,2010
Rosana,Lote Festuca,bajo,-59.6925,-35.1377778,Aporrectodea caliginosa,16,2008
Rosana,Lote Festuca,bajo,-59.6926,-35.1377779,Aporrectodea rosea,16,2008
Rosana,Lote Festuca,bajo,-59.6927,-35.1377780,Aporrectodea trapezoides,0,2008
Rosana,Lote Festuca,bajo,-59.6928,-35.1377781,Octolasion cyaneum,0,2008
Rosana,Lote Festuca,bajo,-59.6929,-35.1377782,Octolasion tyrtaeum,0,2008
Rosana,Lote Festuca,bajo,-59.6930,-35.1377783,Octolasion lacteum,0,2008
Rosana,Lote Festuca,bajo,-59.6931,-35.1377784,Microscolex dubius,"154,6666667",2008
Rosana,Lote Festuca,bajo,-59.6932,-35.1377785,Microscolex phosphoreus,0,2008
Rosana,Lote Festuca,bajo,-59.6933,-35.1377786,Eukerria sp,0,2008
Rosana,Lote Festuca,bajo,-59.6934,-35.1377787,Juveniles,"21,33333333",2008
Rosana,Lote Festuca,bajo,-59.6935,-35.1377788,Aporrectodea caliginosa,0,2009
Rosana,Lote Festuca,bajo,-59.6936,-35.1377789,Aporrectodea rosea,0,2009
Rosana,Lote Festuca,bajo,-59.6937,-35.1377790,Aporrectodea trapezoides,0,2009
Rosana,Lote Festuca,bajo,-59.6938,-35.1377791,Octolasion cyaneum,0,2009
Rosana,Lote Festuca,bajo,-59.6939,-35.1377792,Octolasion tyrtaeum,0,2009
Rosana,Lote Festuca,bajo,-59.6940,-35.1377793,Octolasion lacteum,0,2009
Rosana,Lote Festuca,bajo,-59.6941,-35.1377794,Microscolex dubius,36,2009
Rosana,Lote Festuca,bajo,-59.6942,-35.1377795,Microscolex phosphoreus,0,2009
Rosana,Lote Festuca,bajo,-59.6943,-35.1377796,Eukerria sp,0,2009
Rosana,Lote Festuca,bajo,-59.6944,-35.1377797,Juveniles,108,2009
Rosana,Lote Festuca,bajo,-59.6945,-35.1377798,Aporrectodea caliginosa,4,2010
Rosana,Lote Festuca,bajo,-59.6946,-35.1377799,Aporrectodea rosea,0,2010
Rosana,Lote Festuca,bajo,-59.6947,-35.1377800,Aporrectodea trapezoides,0,2010
Rosana,Lote Festuca,bajo,-59.6948,-35.1377801,Octolasion cyaneum,0,2010
Rosana,Lote Festuca,bajo,-59.6949,-35.1377802,Octolasion tyrtaeum,0,2010
Rosana,Lote Festuca,bajo,-59.6950,-35.1377803,Octolasion lacteum,0,2010
Rosana,Lote Festuca,bajo,-59.6951,-35.1377804,Microscolex dubius,56,2010
Rosana,Lote Festuca,bajo,-59.6952,-35.1377805,Microscolex phosphoreus,0,2010
Rosana,Lote Festuca,bajo,-59.6953,-35.1377806,Eukerria sp,0,2010
Rosana,Lote Festuca,bajo,-59.6954,-35.1377807,Juveniles,44,2010
Rosana,Lote Romina,bajo,-60.2222222,-34.8638888,Aporrectodea caliginosa,"10,66666667",2008
Rosana,Lote Romina,bajo,-60.2222222,-34.8638888,Aporrectodea rosea,"10,66666667",2008
Rosana,Lote Romina,bajo,-60.2222222,-34.8638888,Aporrectodea trapezoides,0,2008
Rosana,Lote Romina,bajo,-60.2222222,-34.8638888,Octolasion cyaneum,0,2008
Rosana,Lote Romina,bajo,-60.2222222,-34.8638888,Octolasion tyrtaeum,0,2008
Rosana,Lote Romina,bajo,-60.2222222,-34.8638888,Octolasion lacteum,0,2008
Rosana,Lote Romina,bajo,-60.2222222,-34.8638888,Microscolex dubius,"21,33333333",2008
Rosana,Lote Romina,bajo,-60.2222222,-34.8638888,Microscolex phosphoreus,0,2008
Rosana,Lote Romina,bajo,-60.2222222,-34.8638888,Eukerria sp,0,2008
Rosana,Lote Romina,bajo,-60.2222222,-34.8638888,Juveniles,"10,66666667",2008
Rosana,Lote Romina,bajo,-60.2222222,-34.8638888,Aporrectodea caliginosa,8,2009
Rosana,Lote Romina,bajo,-60.2222222,-34.8638888,Aporrectodea rosea,4,2009
Rosana,Lote Romina,bajo,-60.2222222,-34.8638888,Aporrectodea trapezoides,0,2009
Rosana,Lote Romina,bajo,-60.2222222,-34.8638888,Octolasion cyaneum,0,2009
Rosana,Lote Romina,bajo,-60.2222222,-34.8638888,Octolasion tyrtaeum,0,2009
Rosana,Lote Romina,bajo,-60.2222222,-34.8638888,Octolasion lacteum,0,2009
Rosana,Lote Romina,bajo,-60.2222222,-34.8638888,Microscolex dubius,4,2009
Rosana,Lote Romina,bajo,-60.2222222,-34.8638888,Microscolex phosphoreus,0,2009
Rosana,Lote Romina,bajo,-60.2222222,-34.8638888,Eukerria sp,0,2009
Rosana,Lote Romina,bajo,-60.2222222,-34.8638888,Juveniles,28,2009
Rosana,Lote Romina,bajo,-60.2222222,-34.8638888,Aporrectodea caliginosa,28,2010
Rosana,Lote Romina,bajo,-60.2222222,-34.8638888,Aporrectodea rosea,0,2010
Rosana,Lote Romina,bajo,-60.2222222,-34.8638888,Aporrectodea trapezoides,16,2010
Rosana,Lote Romina,bajo,-60.2222222,-34.8638888,Octolasion cyaneum,0,2010
Rosana,Lote Romina,bajo,-60.2222222,-34.8638888,Octolasion tyrtaeum,0,2010
Rosana,Lote Romina,bajo,-60.2222222,-34.8638888,Octolasion lacteum,0,2010
Rosana,Lote Romina,bajo,-60.2222222,-34.8638888,Microscolex dubius,0,2010
Rosana,Lote Romina,bajo,-60.2222222,-34.8638888,Microscolex phosphoreus,24,2010
Rosana,Lote Romina,bajo,-60.2222222,-34.8638888,Eukerria sp,0,2010
Rosana,Lote Romina,bajo,-60.2222222,-34.8638888,Juveniles,88,2010
Rosana,Lote Triángulo,bajo,-59.6952778,-35.1302778,Aporrectodea caliginosa,32,2008
Rosana,Lote Triángulo,bajo,-59.6952778,-35.1302778,Aporrectodea rosea,"5,333333333",2008
Rosana,Lote Triángulo,bajo,-59.6952778,-35.1302778,Aporrectodea trapezoides,0,2008
Rosana,Lote Triángulo,bajo,-59.6952778,-35.1302778,Octolasion cyaneum,0,2008
Rosana,Lote Triángulo,bajo,-59.6952778,-35.1302778,Octolasion tyrtaeum,0,2008
Rosana,Lote Triángulo,bajo,-59.6952778,-35.1302778,Octolasion lacteum,0,2008
Rosana,Lote Triángulo,bajo,-59.6952778,-35.1302778,Microscolex dubius,"26,66666667",2008
Rosana,Lote Triángulo,bajo,-59.6952778,-35.1302778,Microscolex phosphoreus,0,2008
Rosana,Lote Triángulo,bajo,-59.6952778,-35.1302778,Eukerria sp,0,2008
Rosana,Lote Triángulo,bajo,-59.6952778,-35.1302778,Juveniles,48,2008
Rosana,Lote Triángulo,bajo,-59.6952778,-35.1302778,Aporrectodea caliginosa,4,2009
Rosana,Lote Triángulo,bajo,-59.6952778,-35.1302778,Aporrectodea rosea,36,2009
Rosana,Lote Triángulo,bajo,-59.6952778,-35.1302778,Aporrectodea trapezoides,48,2009
Rosana,Lote Triángulo,bajo,-59.6952778,-35.1302778,Octolasion cyaneum,44,2009
Rosana,Lote Triángulo,bajo,-59.6952778,-35.1302778,Octolasion tyrtaeum,0,2009
Rosana,Lote Triángulo,bajo,-59.6952778,-35.1302778,Octolasion lacteum,36,2009
Rosana,Lote Triángulo,bajo,-59.6952778,-35.1302778,Microscolex dubius,28,2009
Rosana,Lote Triángulo,bajo,-59.6952778,-35.1302778,Microscolex phosphoreus,0,2009
Rosana,Lote Triángulo,bajo,-59.6952778,-35.1302778,Eukerria sp,0,2009
Rosana,Lote Triángulo,bajo,-59.6952778,-35.1302778,Juveniles,164,2009
Rosana,Lote Triángulo,bajo,-59.6952778,-35.1302778,Aporrectodea caliginosa,12,2010
Rosana,Lote Triángulo,bajo,-59.6952778,-35.1302778,Aporrectodea rosea,92,2010
Rosana,Lote Triángulo,bajo,-59.6952778,-35.1302778,Aporrectodea trapezoides,0,2010
Rosana,Lote Triángulo,bajo,-59.6952778,-35.1302778,Octolasion cyaneum,60,2010
Rosana,Lote Triángulo,bajo,-59.6952778,-35.1302778,Octolasion tyrtaeum,0,2010
Rosana,Lote Triángulo,bajo,-59.6952778,-35.1302778,Octolasion lacteum,44,2010
Rosana,Lote Triángulo,bajo,-59.6952778,-35.1302778,Microscolex dubius,120,2010
Rosana,Lote Triángulo,bajo,-59.6952778,-35.1302778,Microscolex phosphoreus,8,2010
Rosana,Lote Triángulo,bajo,-59.6952778,-35.1302778,Eukerria sp,0,2010
Rosana,Lote Triángulo,bajo,-59.6952778,-35.1302778,Juveniles,180,2010
Rosana,Lote Casuarina,alto,-59.8302778,-35.1444445,Aporrectodea caliginosa,"26,66666667",2008
Rosana,Lote Casuarina,alto,-59.8302778,-35.1444445,Aporrectodea rosea,"5,333333333",2008
Rosana,Lote Casuarina,alto,-59.8302778,-35.1444445,Aporrectodea trapezoides,"10,66666667",2008
Rosana,Lote Casuarina,alto,-59.8302778,-35.1444445,Octolasion cyaneum,0,2008
Rosana,Lote Casuarina,alto,-59.8302778,-35.1444445,Octolasion tyrtaeum,0,2008
Rosana,Lote Casuarina,alto,-59.8302778,-35.1444445,Octolasion lacteum,0,2008
Rosana,Lote Casuarina,alto,-59.8302778,-35.1444445,Microscolex dubius,"5,333333333",2008
Rosana,Lote Casuarina,alto,-59.8302778,-35.1444445,Microscolex phosphoreus,0,2008
Rosana,Lote Casuarina,alto,-59.8302778,-35.1444445,Eukerria sp,0,2008
Rosana,Lote Casuarina,alto,-59.8302778,-35.1444445,Juveniles,"74,66666667",2008
Rosana,Lote Casuarina,alto,-59.8302778,-35.1444445,Aporrectodea caliginosa,24,2009
Rosana,Lote Casuarina,alto,-59.8302778,-35.1444445,Aporrectodea rosea,64,2009
Rosana,Lote Casuarina,alto,-59.8302778,-35.1444445,Aporrectodea trapezoides,24,2009
Rosana,Lote Casuarina,alto,-59.8302778,-35.1444445,Octolasion cyaneum,4,2009
Rosana,Lote Casuarina,alto,-59.8302778,-35.1444445,Octolasion tyrtaeum,0,2009
Rosana,Lote Casuarina,alto,-59.8302778,-35.1444445,Octolasion lacteum,0,2009
Rosana,Lote Casuarina,alto,-59.8302778,-35.1444445,Microscolex dubius,8,2009
Rosana,Lote Casuarina,alto,-59.8302778,-35.1444445,Microscolex phosphoreus,0,2009
Rosana,Lote Casuarina,alto,-59.8302778,-35.1444445,Eukerria sp,0,2009
Rosana,Lote Casuarina,alto,-59.8302778,-35.1444445,Juveniles,256,2009
Rosana,Lote Casuarina,alto,-59.8302778,-35.1444445,Aporrectodea caliginosa,172,2010
Rosana,Lote Casuarina,alto,-59.8302778,-35.1444445,Aporrectodea rosea,36,2010
Rosana,Lote Casuarina,alto,-59.8302778,-35.1444445,Aporrectodea trapezoides,0,2010
Rosana,Lote Casuarina,alto,-59.8302778,-35.1444445,Octolasion cyaneum,16,2010
Rosana,Lote Casuarina,alto,-59.8302778,-35.1444445,Octolasion tyrtaeum,0,2010
Rosana,Lote Casuarina,alto,-59.8302778,-35.1444445,Octolasion lacteum,0,2010
Rosana,Lote Casuarina,alto,-59.8302778,-35.1444445,Microscolex dubius,24,2010
Rosana,Lote Casuarina,alto,-59.8302778,-35.1444445,Microscolex phosphoreus,0,2010
Rosana,Lote Casuarina,alto,-59.8302778,-35.1444445,Eukerria sp,0,2010
Rosana,Lote Casuarina,alto,-59.8302778,-35.1444445,Juveniles,56,2010
Rosana,Lote Manga,alto,-59.7108333,-35.0930555,Aporrectodea caliginosa,"122,6666667",2008
Rosana,Lote Manga,alto,-59.7108333,-35.0930555,Aporrectodea rosea,"21,33333333",2008
Rosana,Lote Manga,alto,-59.7108333,-35.0930555,Aporrectodea trapezoides,0,2008
Rosana,Lote Manga,alto,-59.7108333,-35.0930555,Octolasion cyaneum,0,2008
Rosana,Lote Manga,alto,-59.7108333,-35.0930555,Octolasion tyrtaeum,16,2008
Rosana,Lote Manga,alto,-59.7108333,-35.0930555,Octolasion lacteum,"5,333333333",2008
Rosana,Lote Manga,alto,-59.7108333,-35.0930555,Microscolex dubius,"5,333333333",2008
Rosana,Lote Manga,alto,-59.7108333,-35.0930555,Microscolex phosphoreus,0,2008
Rosana,Lote Manga,alto,-59.7108333,-35.0930555,Eukerria sp,0,2008
Rosana,Lote Manga,alto,-59.7108333,-35.0930555,Juveniles,"117,3333333",2008
Rosana,Lote Manga,alto,-59.7108333,-35.0930555,Aporrectodea caliginosa,44,2009
Rosana,Lote Manga,alto,-59.7108333,-35.0930555,Aporrectodea rosea,52,2009
Rosana,Lote Manga,alto,-59.7108333,-35.0930555,Aporrectodea trapezoides,92,2009
Rosana,Lote Manga,alto,-59.7108333,-35.0930555,Octolasion cyaneum,0,2009
Rosana,Lote Manga,alto,-59.7108333,-35.0930555,Octolasion tyrtaeum,0,2009
Rosana,Lote Manga,alto,-59.7108333,-35.0930555,Octolasion lacteum,0,2009
Rosana,Lote Manga,alto,-59.7108333,-35.0930555,Microscolex dubius,4,2009
Rosana,Lote Manga,alto,-59.7108333,-35.0930555,Microscolex phosphoreus,0,2009
Rosana,Lote Manga,alto,-59.7108333,-35.0930555,Eukerria sp,0,2009
Rosana,Lote Manga,alto,-59.7108333,-35.0930555,Juveniles,356,2009
Rosana,Lote Manga,alto,-59.7108333,-35.0930555,Aporrectodea caliginosa,244,2010
Rosana,Lote Manga,alto,-59.7108333,-35.0930555,Aporrectodea rosea,52,2010
Rosana,Lote Manga,alto,-59.7108333,-35.0930555,Aporrectodea trapezoides,0,2010
Rosana,Lote Manga,alto,-59.7108333,-35.0930555,Octolasion cyaneum,44,2010
Rosana,Lote Manga,alto,-59.7108333,-35.0930555,Octolasion tyrtaeum,0,2010
Rosana,Lote Manga,alto,-59.7108333,-35.0930555,Octolasion lacteum,0,2010
Rosana,Lote Manga,alto,-59.7108333,-35.0930555,Microscolex dubius,12,2010
Rosana,Lote Manga,alto,-59.7108333,-35.0930555,Microscolex phosphoreus,0,2010
Rosana,Lote Manga,alto,-59.7108333,-35.0930555,Eukerria sp,0,2010
Rosana,Lote Manga,alto,-59.7108333,-35.0930555,Juveniles,216,2010
Rosana,Lote Molino,alto,-59.7347222,-35.1061112,Aporrectodea caliginosa,"85,33333333",2008
Rosana,Lote Molino,alto,-59.7347222,-35.1061112,Aporrectodea rosea,32,2008
Rosana,Lote Molino,alto,-59.7347222,-35.1061112,Aporrectodea trapezoides,"21,33333333",2008
Rosana,Lote Molino,alto,-59.7347222,-35.1061112,Octolasion cyaneum,0,2008
Rosana,Lote Molino,alto,-59.7347222,-35.1061112,Octolasion tyrtaeum,16,2008
Rosana,Lote Molino,alto,-59.7347222,-35.1061112,Octolasion lacteum,0,2008
Rosana,Lote Molino,alto,-59.7347222,-35.1061112,Microscolex dubius,"5,333333333",2008
Rosana,Lote Molino,alto,-59.7347222,-35.1061112,Microscolex phosphoreus,0,2008
Rosana,Lote Molino,alto,-59.7347222,-35.1061112,Eukerria sp,0,2008
Rosana,Lote Molino,alto,-59.7347222,-35.1061112,Juveniles,"42,66666667",2008
Rosana,Lote Molino,alto,-59.7347222,-35.1061112,Aporrectodea caliginosa,0,2009
Rosana,Lote Molino,alto,-59.7347222,-35.1061112,Aporrectodea rosea,8,2009
Rosana,Lote Molino,alto,-59.7347222,-35.1061112,Aporrectodea trapezoides,8,2009
Rosana,Lote Molino,alto,-59.7347222,-35.1061112,Octolasion cyaneum,4,2009
Rosana,Lote Molino,alto,-59.7347222,-35.1061112,Octolasion tyrtaeum,0,2009
Rosana,Lote Molino,alto,-59.7347222,-35.1061112,Octolasion lacteum,4,2009
Rosana,Lote Molino,alto,-59.7347222,-35.1061112,Microscolex dubius,0,2009
Rosana,Lote Molino,alto,-59.7347222,-35.1061112,Microscolex phosphoreus,0,2009
Rosana,Lote Molino,alto,-59.7347222,-35.1061112,Eukerria sp,0,2009
Rosana,Lote Molino,alto,-59.7347222,-35.1061112,Juveniles,168,2009
Rosana,Lote Molino,alto,-59.7347222,-35.1061112,Aporrectodea caliginosa,64,2010
Rosana,Lote Molino,alto,-59.7347222,-35.1061112,Aporrectodea rosea,12,2010
Rosana,Lote Molino,alto,-59.7347222,-35.1061112,Aporrectodea trapezoides,0,2010
Rosana,Lote Molino,alto,-59.7347222,-35.1061112,Octolasion cyaneum,8,2010
Rosana,Lote Molino,alto,-59.7347222,-35.1061112,Octolasion tyrtaeum,0,2010
Rosana,Lote Molino,alto,-59.7347222,-35.1061112,Octolasion lacteum,0,2010
Rosana,Lote Molino,alto,-59.7347222,-35.1061112,Microscolex dubius,0,2010
Rosana,Lote Molino,alto,-59.7347222,-35.1061112,Microscolex phosphoreus,0,2010
Rosana,Lote Molino,alto,-59.7347222,-35.1061112,Eukerria sp,0,2010
Rosana,Lote Molino,alto,-59.7347222,-35.1061112,Juveniles,292,2010
Di Ciocco,Colonia,Sin determinar,-59.1730555,-34.6195833,Sin determinar,"5,57142857142857",2018